Workbook
Name Slicer_Months: #N/A

Sheet Master_Data
A1: ONLINE SHOP WANZHONG
A2: Toko Elektronik
A3: Komplek Weizhong, Blok Qian-309
A4: Jl. Weiqian KM 101, Kec. Kangyuan
A5: Kota Liusong, Prov. Zuyu 30198
A7: NO | B7: NAMA PRODUK | C7: ID PRODUK | D7: KATEGORI PRODUK | E7: HARGA PRODUK | G7: KODE | H7: KETERANGAN | I7: LAMA PENGIRIMAN
A8: 1 | B8: Lenovo Idepad | C8: L01/LI | D8: LAPTOP | E8: 8500000 | G8: JN | H8: Kurir JNE | I8: 3
A9: 2 | B9: Acer Aspire 5 | C9: L01/AA | D9: LAPTOP | E9: 9000000 | G9: J& | H9: Kurir J&T | I9: 3
A10: 3 | B10: Logitech Mouse | C10: A02/LM | D10: AKSESORIS | E10: 150000 | G10: SC | H10: SiCepat | I10: 2
A11: 4 | B11: AirPods Gen-2 | C11: A02/AP | D11: AKSESORIS | E11: 1899000
A12: 5 | B12: Samsung A15 | C12: S03/SM | D12: SMARTPHONE | E12: 2200000
A13: 6 | B13: Iphone 16 128GB | C13: S03/IP | D13: SMARTPHONE | E13: 14999000

Sheet Order_Log
A2: ID TRANSAKSI | B2: TANGGAL | C2: SALES | D2: KATEGORI | E2: NAMA | F2: JUMLAH TERJUAL | G2: HARGA SATUAN | H2: TOTAL PENJUALAN | I2: DISKON % | J2: TOTAL SETELAH DISKON | K2: PPN (11%) | L2: TOTAL AKHIR | M2: PEMBAYARAN | N2: NAMA PELANGGAN | O2: WILAYAH | P2: PENGIRIMAN/KURIR | Q2: LAMA PENGIRIMAN
A3: JBR-L01/LI-JN/C | B3: 45717 | C3: Sulantoni Irmawan | D3: =VLOOKUP(MID(A3,5,6),Master_Data!$C$8:$D$13,2,0) -> LAPTOP | E3: =INDEX(Master_Data!$B$8:$B$13,MATCH(MID(A3,5,6),Master_Data!$C$8:$C$13,0)) -> Lenovo Idepad | F3: 3 | G3: =VLOOKUP(E3,Master_Data!$B$8:$E$13,4,0) -> 8500000 | H3: =F3*G3 -> 25500000 | I3: =_xlfn.IFS(AND(D3="LAPTOP",E3="Acer Aspire 5"),8%,AND(D3="SMARTPHONE",E3="Iphone 16 128GB"),6%,AND(D3="AKSESORIS",E3="AirPods Gen-2"),3%,TRUE,0) -> 0 | J3: =H3-(H3*I3) -> 25500000 | K3: =J3*11% -> 2805000 | L3: =J3+K3 -> 28305000 | M3: =_xlfn.IFS(RIGHT(A3,1)="C","COD/Cash",RIGHT(A3,1)="G","GoPay/Non-COD",RIGHT(A3,1)="D","Dana/Non-COD") -> COD/Cash | N3: LOKA WIRANTA | O3: =_xlfn.IFS(LEFT(A3,3)="JBR","Jawa Barat",LEFT(A3,3)="DKI","DKI Jakarta",LEFT(A3,3)="JWH","Jawa Tengah",TRUE,"Jawa Timur") -> Jawa Barat | P3: =VLOOKUP(MID(A3,12,2),Master_Data!$G$8:$I$10,2) -> Kurir J&T | Q3: =VLOOKUP(MID(A3,12,2),Master_Data!$G$8:$I$10,3)&" hari" -> 3 hari
A4: DKI-L01/AA-J&/G | B4: 45718 | C4: Tina Anggraeni | D4: =VLOOKUP(MID(A4,5,6),Master_Data!$C$8:$D$13,2,0) -> LAPTOP | E4: =INDEX(Master_Data!$B$8:$B$13,MATCH(MID(A4,5,6),Master_Data!$C$8:$C$13,0)) -> Acer Aspire 5 | F4: 2 | G4: =VLOOKUP(E4,Master_Data!$B$8:$E$13,4,0) -> 9000000 | H4: =F4*G4 -> 18000000 | I4: =_xlfn.IFS(AND(D4="LAPTOP",E4="Acer Aspire 5"),8%,AND(D4="SMARTPHONE",E4="Iphone 16 128GB"),6%,AND(D4="AKSESORIS",E4="AirPods Gen-2"),3%,TRUE,0) -> 0.08 | J4: =H4-(H4*I4) -> 16560000 | K4: =J4*11% -> 1821600 | L4: =J4+K4 -> 18381600 | M4: =_xlfn.IFS(RIGHT(A4,1)="C","COD/Cash",RIGHT(A4,1)="G","GoPay/Non-COD",RIGHT(A4,1)="D","Dana/Non-COD") -> GoPay/Non-COD | N4: HANA LIN | O4: =_xlfn.IFS(LEFT(A4,3)="JBR","Jawa Barat",LEFT(A4,3)="DKI","DKI Jakarta",LEFT(A4,3)="JWH","Jawa Tengah",TRUE,"Jawa Timur") -> DKI Jakarta | P4: =VLOOKUP(MID(A4,12,2),Master_Data!$G$8:$I$10,2) -> Kurir J&T | Q4: =VLOOKUP(MID(A4,12,2),Master_Data!$G$8:$I$10,3)&" hari" -> 3 hari
A5: JWH-A02/LM-SC/D | B5: 45719 | C5: Monmon Purwanto | D5: =VLOOKUP(MID(A5,5,6),Master_Data!$C$8:$D$13,2,0) -> AKSESORIS | E5: =INDEX(Master_Data!$B$8:$B$13,MATCH(MID(A5,5,6),Master_Data!$C$8:$C$13,0)) -> Logitech Mouse | F5: 1 | G5: =VLOOKUP(E5,Master_Data!$B$8:$E$13,4,0) -> 150000 | H5: =F5*G5 -> 150000 | I5: =_xlfn.IFS(AND(D5="LAPTOP",E5="Acer Aspire 5"),8%,AND(D5="SMARTPHONE",E5="Iphone 16 128GB"),6%,AND(D5="AKSESORIS",E5="AirPods Gen-2"),3%,TRUE,0) -> 0 | J5: =H5-(H5*I5) -> 150000 | K5: =J5*11% -> 16500 | L5: =J5+K5 -> 166500 | M5: =_xlfn.IFS(RIGHT(A5,1)="C","COD/Cash",RIGHT(A5,1)="G","GoPay/Non-COD",RIGHT(A5,1)="D","Dana/Non-COD") -> Dana/Non-COD | N5: SANITA VELORA | O5: =_xlfn.IFS(LEFT(A5,3)="JBR","Jawa Barat",LEFT(A5,3)="DKI","DKI Jakarta",LEFT(A5,3)="JWH","Jawa Tengah",TRUE,"Jawa Timur") -> Jawa Tengah | P5: =VLOOKUP(MID(A5,12,2),Master_Data!$G$8:$I$10,2) -> SiCepat | Q5: =VLOOKUP(MID(A5,12,2),Master_Data!$G$8:$I$10,3)&" hari" -> 2 hari
A6: JWR-A02/AP-J&/C | B6: 45720 | C6: Keno Barak | D6: =VLOOKUP(MID(A6,5,6),Master_Data!$C$8:$D$13,2,0) -> AKSESORIS | E6: =INDEX(Master_Data!$B$8:$B$13,MATCH(MID(A6,5,6),Master_Data!$C$8:$C$13,0)) -> AirPods Gen-2 | F6: 5 | G6: =VLOOKUP(E6,Master_Data!$B$8:$E$13,4,0) -> 1899000 | H6: =F6*G6 -> 9495000 | I6: =_xlfn.IFS(AND(D6="LAPTOP",E6="Acer Aspire 5"),8%,AND(D6="SMARTPHONE",E6="Iphone 16 128GB"),6%,AND(D6="AKSESORIS",E6="AirPods Gen-2"),3%,TRUE,0) -> 0.03 | J6: =H6-(H6*I6) -> 9210150 | K6: =J6*11% -> 1013116.5 | L6: =J6+K6 -> 10223266 | M6: =_xlfn.IFS(RIGHT(A6,1)="C","COD/Cash",RIGHT(A6,1)="G","GoPay/Non-COD",RIGHT(A6,1)="D","Dana/Non-COD") -> COD/Cash | N6: VANYA RUSELINA | O6: =_xlfn.IFS(LEFT(A6,3)="JBR","Jawa Barat",LEFT(A6,3)="DKI","DKI Jakarta",LEFT(A6,3)="JWH","Jawa Tengah",TRUE,"Jawa Timur") -> Jawa Timur | P6: =VLOOKUP(MID(A6,12,2),Master_Data!$G$8:$I$10,2) -> Kurir J&T | Q6: =VLOOKUP(MID(A6,12,2),Master_Data!$G$8:$I$10,3)&" hari" -> 3 hari
A7: DKI-S03/SM-J&-C | B7: 45721 | C7: Bambang Ruwandi | D7: =VLOOKUP(MID(A7,5,6),Master_Data!$C$8:$D$13,2,0) -> SMARTPHONE | E7: =INDEX(Master_Data!$B$8:$B$13,MATCH(MID(A7,5,6),Master_Data!$C$8:$C$13,0)) -> Samsung A15 | F7: 4 | G7: =VLOOKUP(E7,Master_Data!$B$8:$E$13,4,0) -> 2200000 | H7: =F7*G7 -> 8800000 | I7: =_xlfn.IFS(AND(D7="LAPTOP",E7="Acer Aspire 5"),8%,AND(D7="SMARTPHONE",E7="Iphone 16 128GB"),6%,AND(D7="AKSESORIS",E7="AirPods Gen-2"),3%,TRUE,0) -> 0 | J7: =H7-(H7*I7) -> 8800000 | K7: =J7*11% -> 968000 | L7: =J7+K7 -> 9768000 | M7: =_xlfn.IFS(RIGHT(A7,1)="C","COD/Cash",RIGHT(A7,1)="G","GoPay/Non-COD",RIGHT(A7,1)="D","Dana/Non-COD") -> COD/Cash | N7: REZA TARMOKO | O7: =_xlfn.IFS(LEFT(A7,3)="JBR","Jawa Barat",LEFT(A7,3)="DKI","DKI Jakarta",LEFT(A7,3)="JWH","Jawa Tengah",TRUE,"Jawa Timur") -> DKI Jakarta | P7: =VLOOKUP(MID(A7,12,2),Master_Data!$G$8:$I$10,2) -> Kurir J&T | Q7: =VLOOKUP(MID(A7,12,2),Master_Data!$G$8:$I$10,3)&" hari" -> 3 hari
A8: JBR-S03/IP-JN/D | B8: 45723 | C8: Meini Sari | D8: =VLOOKUP(MID(A8,5,6),Master_Data!$C$8:$D$13,2,0) -> SMARTPHONE | E8: =INDEX(Master_Data!$B$8:$B$13,MATCH(MID(A8,5,6),Master_Data!$C$8:$C$13,0)) -> Iphone 16 128GB | F8: 7 | G8: =VLOOKUP(E8,Master_Data!$B$8:$E$13,4,0) -> 14999000 | H8: =F8*G8 -> 104993000 | I8: =_xlfn.IFS(AND(D8="LAPTOP",E8="Acer Aspire 5"),8%,AND(D8="SMARTPHONE",E8="Iphone 16 128GB"),6%,AND(D8="AKSESORIS",E8="AirPods Gen-2"),3%,TRUE,0) -> 0.06 | J8: =H8-(H8*I8) -> 98693420 | K8: =J8*11% -> 10856276 | L8: =J8+K8 -> 1.095497e+08 | M8: =_xlfn.IFS(RIGHT(A8,1)="C","COD/Cash",RIGHT(A8,1)="G","GoPay/Non-COD",RIGHT(A8,1)="D","Dana/Non-COD") -> Dana/Non-COD | N8: DARGO MAWESTA | O8: =_xlfn.IFS(LEFT(A8,3)="JBR","Jawa Barat",LEFT(A8,3)="DKI","DKI Jakarta",LEFT(A8,3)="JWH","Jawa Tengah",TRUE,"Jawa Timur") -> Jawa Barat | P8: =VLOOKUP(MID(A8,12,2),Master_Data!$G$8:$I$10,2) -> Kurir J&T | Q8: =VLOOKUP(MID(A8,12,2),Master_Data!$G$8:$I$10,3)&" hari" -> 3 hari
A9: JBR-A02/LM-SC/C | B9: 45731 | C9: Maya Safitri | D9: =VLOOKUP(MID(A9,5,6),Master_Data!$C$8:$D$13,2,0) -> AKSESORIS | E9: =INDEX(Master_Data!$B$8:$B$13,MATCH(MID(A9,5,6),Master_Data!$C$8:$C$13,0)) -> Logitech Mouse | F9: 3 | G9: =VLOOKUP(E9,Master_Data!$B$8:$E$13,4,0) -> 150000 | H9: =F9*G9 -> 450000 | I9: =_xlfn.IFS(AND(D9="LAPTOP",E9="Acer Aspire 5"),8%,AND(D9="SMARTPHONE",E9="Iphone 16 128GB"),6%,AND(D9="AKSESORIS",E9="AirPods Gen-2"),3%,TRUE,0) -> 0 | J9: =H9-(H9*I9) -> 450000 | K9: =J9*11% -> 49500 | L9: =J9+K9 -> 499500 | M9: =_xlfn.IFS(RIGHT(A9,1)="C","COD/Cash",RIGHT(A9,1)="G","GoPay/Non-COD",RIGHT(A9,1)="D","Dana/Non-COD") -> COD/Cash | N9: TISYA AVENDRA | O9: =_xlfn.IFS(LEFT(A9,3)="JBR","Jawa Barat",LEFT(A9,3)="DKI","DKI Jakarta",LEFT(A9,3)="JWH","Jawa Tengah",TRUE,"Jawa Timur") -> Jawa Barat | P9: =VLOOKUP(MID(A9,12,2),Master_Data!$G$8:$I$10,2) -> SiCepat | Q9: =VLOOKUP(MID(A9,12,2),Master_Data!$G$8:$I$10,3)&" hari" -> 2 hari
A10: JWH-S03/SM-SC/D | B10: 45732 | C10: Keno Barak | D10: =VLOOKUP(MID(A10,5,6),Master_Data!$C$8:$D$13,2,0) -> SMARTPHONE | E10: =INDEX(Master_Data!$B$8:$B$13,MATCH(MID(A10,5,6),Master_Data!$C$8:$C$13,0)) -> Samsung A15 | F10: 2 | G10: =VLOOKUP(E10,Master_Data!$B$8:$E$13,4,0) -> 2200000 | H10: =F10*G10 -> 4400000 | I10: =_xlfn.IFS(AND(D10="LAPTOP",E10="Acer Aspire 5"),8%,AND(D10="SMARTPHONE",E10="Iphone 16 128GB"),6%,AND(D10="AKSESORIS",E10="AirPods Gen-2"),3%,TRUE,0) -> 0 | J10: =H10-(H10*I10) -> 4400000 | K10: =J10*11% -> 484000 | L10: =J10+K10 -> 4884000 | M10: =_xlfn.IFS(RIGHT(A10,1)="C","COD/Cash",RIGHT(A10,1)="G","GoPay/Non-COD",RIGHT(A10,1)="D","Dana/Non-COD") -> Dana/Non-COD | N10: KARYO LIMANTARA | O10: =_xlfn.IFS(LEFT(A10,3)="JBR","Jawa Barat",LEFT(A10,3)="DKI","DKI Jakarta",LEFT(A10,3)="JWH","Jawa Tengah",TRUE,"Jawa Timur") -> Jawa Tengah | P10: =VLOOKUP(MID(A10,12,2),Master_Data!$G$8:$I$10,2) -> SiCepat | Q10: =VLOOKUP(MID(A10,12,2),Master_Data!$G$8:$I$10,3)&" hari" -> 2 hari
A11: JWR-L01/LI-J&/G | B11: 45732 | C11: Monmon Purwanto | D11: =VLOOKUP(MID(A11,5,6),Master_Data!$C$8:$D$13,2,0) -> LAPTOP | E11: =INDEX(Master_Data!$B$8:$B$13,MATCH(MID(A11,5,6),Master_Data!$C$8:$C$13,0)) -> Lenovo Idepad | F11: 6 | G11: =VLOOKUP(E11,Master_Data!$B$8:$E$13,4,0) -> 8500000 | H11: =F11*G11 -> 51000000 | I11: =_xlfn.IFS(AND(D11="LAPTOP",E11="Acer Aspire 5"),8%,AND(D11="SMARTPHONE",E11="Iphone 16 128GB"),6%,AND(D11="AKSESORIS",E11="AirPods Gen-2"),3%,TRUE,0) -> 0 | J11: =H11-(H11*I11) -> 51000000 | K11: =J11*11% -> 5610000 | L11: =J11+K11 -> 56610000 | M11: =_xlfn.IFS(RIGHT(A11,1)="C","COD/Cash",RIGHT(A11,1)="G","GoPay/Non-COD",RIGHT(A11,1)="D","Dana/Non-COD") -> GoPay/Non-COD | N11: JEFRO MALANTARA | O11: =_xlfn.IFS(LEFT(A11,3)="JBR","Jawa Barat",LEFT(A11,3)="DKI","DKI Jakarta",LEFT(A11,3)="JWH","Jawa Tengah",TRUE,"Jawa Timur") -> Jawa Timur | P11: =VLOOKUP(MID(A11,12,2),Master_Data!$G$8:$I$10,2) -> Kurir J&T | Q11: =VLOOKUP(MID(A11,12,2),Master_Data!$G$8:$I$10,3)&" hari" -> 3 hari
A12: JWR-L01/LI-JN/C | B12: 45732 | C12: Tina Anggraeni | D12: =VLOOKUP(MID(A12,5,6),Master_Data!$C$8:$D$13,2,0) -> LAPTOP | E12: =INDEX(Master_Data!$B$8:$B$13,MATCH(MID(A12,5,6),Master_Data!$C$8:$C$13,0)) -> Lenovo Idepad | F12: 3 | G12: =VLOOKUP(E12,Master_Data!$B$8:$E$13,4,0) -> 8500000 | H12: =F12*G12 -> 25500000 | I12: =_xlfn.IFS(AND(D12="LAPTOP",E12="Acer Aspire 5"),8%,AND(D12="SMARTPHONE",E12="Iphone 16 128GB"),6%,AND(D12="AKSESORIS",E12="AirPods Gen-2"),3%,TRUE,0) -> 0 | J12: =H12-(H12*I12) -> 25500000 | K12: =J12*11% -> 2805000 | L12: =J12+K12 -> 28305000 | M12: =_xlfn.IFS(RIGHT(A12,1)="C","COD/Cash",RIGHT(A12,1)="G","GoPay/Non-COD",RIGHT(A12,1)="D","Dana/Non-COD") -> COD/Cash | N12: BINAR KENDARTA | O12: =_xlfn.IFS(LEFT(A12,3)="JBR","Jawa Barat",LEFT(A12,3)="DKI","DKI Jakarta",LEFT(A12,3)="JWH","Jawa Tengah",TRUE,"Jawa Timur") -> Jawa Timur | P12: =VLOOKUP(MID(A12,12,2),Master_Data!$G$8:$I$10,2) -> Kurir J&T | Q12: =VLOOKUP(MID(A12,12,2),Master_Data!$G$8:$I$10,3)&" hari" -> 3 hari
A13: JWR-L01/LI-SC/D | B13: 45733 | C13: Meini Sari | D13: =VLOOKUP(MID(A13,5,6),Master_Data!$C$8:$D$13,2,0) -> LAPTOP | E13: =INDEX(Master_Data!$B$8:$B$13,MATCH(MID(A13,5,6),Master_Data!$C$8:$C$13,0)) -> Lenovo Idepad | F13: 4 | G13: =VLOOKUP(E13,Master_Data!$B$8:$E$13,4,0) -> 8500000 | H13: =F13*G13 -> 34000000 | I13: =_xlfn.IFS(AND(D13="LAPTOP",E13="Acer Aspire 5"),8%,AND(D13="SMARTPHONE",E13="Iphone 16 128GB"),6%,AND(D13="AKSESORIS",E13="AirPods Gen-2"),3%,TRUE,0) -> 0 | J13: =H13-(H13*I13) -> 34000000 | K13: =J13*11% -> 3740000 | L13: =J13+K13 -> 37740000 | M13: =_xlfn.IFS(RIGHT(A13,1)="C","COD/Cash",RIGHT(A13,1)="G","GoPay/Non-COD",RIGHT(A13,1)="D","Dana/Non-COD") -> Dana/Non-COD | N13: CHIKA YURESTA | O13: =_xlfn.IFS(LEFT(A13,3)="JBR","Jawa Barat",LEFT(A13,3)="DKI","DKI Jakarta",LEFT(A13,3)="JWH","Jawa Tengah",TRUE,"Jawa Timur") -> Jawa Timur | P13: =VLOOKUP(MID(A13,12,2),Master_Data!$G$8:$I$10,2) -> SiCepat | Q13: =VLOOKUP(MID(A13,12,2),Master_Data!$G$8:$I$10,3)&" hari" -> 2 hari
A14: JWH-S03/SM-J&/D | B14: 45734 | C14: Sulantoni Irmawan | D14: =VLOOKUP(MID(A14,5,6),Master_Data!$C$8:$D$13,2,0) -> SMARTPHONE | E14: =INDEX(Master_Data!$B$8:$B$13,MATCH(MID(A14,5,6),Master_Data!$C$8:$C$13,0)) -> Samsung A15 | F14: 1 | G14: =VLOOKUP(E14,Master_Data!$B$8:$E$13,4,0) -> 2200000 | H14: =F14*G14 -> 2200000 | I14: =_xlfn.IFS(AND(D14="LAPTOP",E14="Acer Aspire 5"),8%,AND(D14="SMARTPHONE",E14="Iphone 16 128GB"),6%,AND(D14="AKSESORIS",E14="AirPods Gen-2"),3%,TRUE,0) -> 0 | J14: =H14-(H14*I14) -> 2200000 | K14: =J14*11% -> 242000 | L14: =J14+K14 -> 2442000 | M14: =_xlfn.IFS(RIGHT(A14,1)="C","COD/Cash",RIGHT(A14,1)="G","GoPay/Non-COD",RIGHT(A14,1)="D","Dana/Non-COD") -> Dana/Non-COD | N14: MEI ZHANG | O14: =_xlfn.IFS(LEFT(A14,3)="JBR","Jawa Barat",LEFT(A14,3)="DKI","DKI Jakarta",LEFT(A14,3)="JWH","Jawa Tengah",TRUE,"Jawa Timur") -> Jawa Tengah | P14: =VLOOKUP(MID(A14,12,2),Master_Data!$G$8:$I$10,2) -> Kurir J&T | Q14: =VLOOKUP(MID(A14,12,2),Master_Data!$G$8:$I$10,3)&" hari" -> 3 hari
... A63: JWR-S03/IP-SC/D | B63: 45808 | C63: Bambang Ruwandi | D63: =VLOOKUP(MID(A63,5,6),Master_Data!$C$8:$D$13,2,0) -> SMARTPHONE | E63: =INDEX(Master_Data!$B$8:$B$13,MATCH(MID(A63,5,6),Master_Data!$C$8:$C$13,0)) -> Iphone 16 128GB | F63: 6 | G63: =VLOOKUP(E63,Master_Data!$B$8:$E$13,4,0) -> 14999000 | H63: =F63*G63 -> 89994000 | I63: =_xlfn.IFS(AND(D63="LAPTOP",E63="Acer Aspire 5"),8%,AND(D63="SMARTPHONE",E63="Iphone 16 128GB"),6%,AND(D63="AKSESORIS",E63="AirPods Gen-2"),3%,TRUE,0) -> 0.06 | J63: =H63-(H63*I63) -> 84594360 | K63: =J63*11% -> 9305379.6 | L63: =J63+K63 -> 93899740 | M63: =_xlfn.IFS(RIGHT(A63,1)="C","COD/Cash",RIGHT(A63,1)="G","GoPay/Non-COD",RIGHT(A63,1)="D","Dana/Non-COD") -> Dana/Non-COD | N63: RAVIE WARDANA | O63: =_xlfn.IFS(LEFT(A63,3)="JBR","Jawa Barat",LEFT(A63,3)="DKI","DKI Jakarta",LEFT(A63,3)="JWH","Jawa Tengah",TRUE,"Jawa Timur") -> Jawa Timur | P63: =VLOOKUP(MID(A63,12,2),Master_Data!$G$8:$I$10,2) -> SiCepat | Q63: =VLOOKUP(MID(A63,12,2),Master_Data!$G$8:$I$10,3)&" hari" -> 2 hari

Sheet Pivot_Table
A6: Row Labels | B6: Sum of TOTAL PENJUALAN
A7: DKI Jakarta | B7: 362593000
A8: Jawa Barat | B8: 539865000
A9: Jawa Tengah | B9: 142097000
A10: Jawa Timur | B10: 306236000
A11: Grand Total | B11: 1350791000
A23: Row Labels | B23: Sum of TOTAL PENJUALAN
A24: Sulantoni Irmawan | B24: 371685000
A25: Bambang Ruwandi | B25: 257483000
A26: Meini Sari | B26: 253283000
A27: Grand Total | B27: 882451000
